<?xml version = "1.0" encoding = "utf-8" ?>

<!--********** Copyright 2016 Roku Corp.  All Rights Reserved. **********-->

<component name = "RowListItem" extends = "Group" >

  <interface >
    <field id = "itemContent" type = "node" onChange = "showcontent"/>
    <field id = "focusPercent" type = "float" onChange = "showfocus"/>
    <field id = "rowFocusPercent" type = "float" onChange = "showrowfocus"/>
  </interface>

  <script type = "text/brightscript" >

    <![CDATA[

    sub init()
      m.itemposter = m.top.findNode("itemPoster")
      m.itemmask = m.top.findNode("itemMask")
      m.itemlabel = m.top.findNode("itemLabel")
    end sub

    sub showcontent()
      itemcontent = m.top.itemContent
      m.itemposter.uri = itemcontent.HDPosterUrl
      m.itemlabel.text = itemcontent.title
    end sub

    sub showfocus()
      m.itemposter.opacity = 0.75
      m.itemposter.opacity = m.top.focusPercent

    end sub

    sub showrowfocus()
      m.itemmask.opacity = 0.75
      m.itemlabel.opacity = m.top.rowFocusPercent
    end sub

    ]]>

  </script>

  <children >

    <Poster
      id = "itemPoster"
      translation = "[ 10, 10 ]"
      width = "512"
      height = "288"
      opacity = "0.75"
      scaleRotateCenter = "[ 256.0, 144.0 ]" >

      <Rectangle
        id = "itemMask"
        color = "0x000000FF"
        opacity = "0.75"
        width = "512"
        height = "288"
        scaleRotateCenter = "[ 256.0, 144.0 ]"/>

    </Poster>

    <Label
      id = "itemLabel"
      translation = "[ 20, 264 ]"
      horizAlign = "right"
      width = "492"
      opacity = "0.0"/>

  </children>

</component>
